,,,,
Program,Org,City,State,Lat/Long
Environmental Services Program,San Gabriel Valley Conservation Corp,El Monte,CA,"34.089634050589005, -118.02634715001348"
ES Summer Youth Program,Koreatown Youth and Community Center,Los Angeles,CA,"34.06105220259938, -118.31283396424095"
Young Adult Corps,Los Angeles Conservation Corps,Los Angeles,CA,"34.07785836712809, -118.23521013164951"
Youth Environemental Stewardship Program,North East Trees,Los Angeles,CA,"34.086259393420576, -118.22493342446735"
Urban Forestry and Education and Stewardship training,Urban ReLeaf,Oakland,CA,"37.84243008478484, -122.27088170786115"
Teen Urban Foresters,Canopy,Palo Alto,CA,"37.43207281597404, -122.1033469688707"
Sustainable Youth Internship,Earth Team,Richmond,CA,"37.914003783959714, -122.33335147714223"
Urban Conservation Corps,Sourthern California Mountains Foundation,San Bernadino,CA,"34.1402520045363, -117.3132323954501"
Environmental Services Division,Urban Corps San Diego,San Diego,CA,"32.75597774571483, -117.20188890347154"
Green Crew,Friends of the Urban Forest,San Francisco,CA,"37.8021346933871, -122.44980817037403"
Our City Forest Americorps Service Program,Our City Forest,San Jose,CA,"37.366219917373186, -121.84914096231385"
Greater Valley Conservation Corps,Greater Valley Conservation Corps/San Joaquin County Office of Education,Stockton,CA,"37.962220840265985, -121.26262466403035"
Job Apprenticeship Program,Knox Hartford,Hartford,CT,"41.76177189962773, -72.69624315236938"
Greenskills Program,Urban Resource Initiative,New Haven,CT,"41.32043236085255, -72.92002005430246"
Branches to Chances,Delaware Center for Horticulture,Wilmington,DE,"39.759364314072265, -75.55822753923862"
Colorful Changes,Corazon Latino,Washington,DC,"38.90404128606186, -77.03405587606898"
DC Green Corps,Washington Parks and People,Washington,DC,"38.92347991790728, -77.03415486128112"
GYFTED Tree Care Management Training Program,Greening Youth Foundation,Atlanta,GA,"33.755169721595564, -84.38325311153318"
Program not yet named,Inner City Musilim Action Network,Atlanta,GA,"33.743992600097435, -84.43498290414952"
Youth Tree Team,Trees Atlanta,Atlanta,GA,"33.74875916040992, -84.35676005812356"
Greencorps Chicago,Greencorps Chicago,Chicago,IL,"41.890272153810706, -87.69692875511606"
Forestry Trainee,Openlands,Chicago,IL,"41.89122669763424, -87.59935419128594"
Green Reentry,Inner City Muslim Action Network,Chicago,IL,"41.78015683192034, -87.6906045534864"
Youth Tree Team,Keep Indianapolis Beautiful,Indianapolis,IN,"39.75797988483272, -86.13952453015979"
Youth Construction and Conservation Corps,LA Green Corps,New Orleans,LA,"29.9696702825597, -90.07956823761035"
Urban Roots Apprenticeship,Baltimore Tree Trust,Baltimore,MD,"39.3187067821616, -76.62089753264569"
Program not yet named,Brick & Board,Baltimore,MD,"39.318994589254025, -76.61807348493133"
Stormwater Management Training,CivicWorks,Baltimore,MD,"39.321580662827756, -76.58516893151727"
Work2Live WELL,Department of Natural Resources,Baltimore,MD,"39.296613834512094, -76.78930098494313"
(Restoring the Environment and Developing Youth) READY Program,Howard County EcoWorks,Columbia,MD,"39.196340491334055, -76.85220831736872"
Branching Out,Olmstead Center for Landscape Preservation/ National Park Service,Boston,MA,"42.32622705078998, -71.12722541736593"
Detroit Conservation Corps,The Greening of Detroit,Detroit,MI,"42.42625208893429, -83.11775142084957"
Youthbuild Construction Plus,Tree Trust,St. Paul,MN,"44.97332458543062, -93.15751933689135"
Green Streets Crew,NJ Tree Foundation,Newark,NJ,"40.13617521045563, -74.38734967823667"
Rocky Mountain Youth Corps,Rocky Mountain Youth Corps,Albuquerque,NM,"40.491682903182785, -106.85112653828392"
Branching Out,National Park Service,New York,NY,
Service Corps,Green City Force,New York,NY,"40.69973288842029, -73.94713889687387"
HOPE Program,Sustainable South Bronx,New York,NY,"40.821230884689534, -73.88432789872205"
Onondaga Earth Corps,Onondaga Earth Corps,Syracuse,NY,"43.040375566228406, -76.14822409126535"
Tree Corps CREW,The Holden Arboretum,Cleveland,OH,"41.61154148129631, -81.3010640828247"
Green Corps,Franklin Park Conservatory,Columbus,OH,"39.96582780824026, -82.95207719820618"
Verde Landscape,Verde ,Portland,OR,"45.56804319625372, -122.59118010362346"
PowerCorps PHL,Power Corps PHL/ EducationWorks,Philadelphia,PA,"39.96134721362986, -75.15360188895131"
Roots to Re-entry,Pennsylvania Horticultural Society,Philadelphia,PA,"39.95601110525027, -75.17206726620404"
Landforce Crew,Landforce,Pittsburgh,PA,"40.44873036318458, -79.89409080243264"
Garden Time-To-Work Pre-apprenticeship Program,"Garden Time, Inc",Providence,RI,"41.84724006220307, -71.39357363123587"
Youth Green Corps,City of Seattle Dept of Parks and Rec with Seattle Trail Alliance,Seattle,WA,"47.68095499836002, -122.3229815660125"
Duwamish Infrastructure Restoration Training (DIRT) Corps,Seattle Parks Foundation,Seattle,WA,"47.60000025852311, -122.33325512923952"
"Landscape Training
Arborist Apprenticeship",City of Milwaukee,Milwaukee,WI,"43.050992893277275, -87.95894319124578"
Love & Faith Arborist Apprenticeship Program,Northcott Neighborhood House,Milwaukee,WI,"43.06545693927351, -87.91122147913904"
